flight_id,flight_no,scheduled_departure,scheduled_arrival,departure_airport,arrival_airport,status,aircraft_code,actual_departure,actual_arrival,consumption,fuel_cost,flight_income,all_seats,reg_seats,departure_delay,flight_time,flight_cost,occupancy
136119,PG0252,2017-01-03T10:05:00Z,2017-01-03T11:45:00Z,AAQ,SVO,Arrived,733,2017-01-03T10:08:00Z,2017-01-03T11:49:00Z,2.4,41435,1653000.00,130,113,3.0,1.6833333333333333,167397.4,86
136120,PG0252,2017-02-24T10:05:00Z,2017-02-24T11:45:00Z,AAQ,SVO,Arrived,733,2017-02-24T10:07:00Z,2017-02-24T11:46:00Z,2.4,39553,1605400.00,130,109,2.0,1.65,156629.87999999998,83
136122,PG0252,2017-01-08T10:05:00Z,2017-01-08T11:45:00Z,AAQ,SVO,Arrived,733,2017-01-08T10:08:00Z,2017-01-08T11:48:00Z,2.4,41435,1431000.00,130,97,3.0,1.6666666666666667,165740.0,74
136130,PG0252,2017-02-13T10:05:00Z,2017-02-13T11:45:00Z,AAQ,SVO,Arrived,733,2017-02-13T10:07:00Z,2017-02-13T11:46:00Z,2.4,39553,1556600.00,130,107,2.0,1.65,156629.87999999998,82
136131,PG0252,2017-01-28T10:05:00Z,2017-01-28T11:45:00Z,AAQ,SVO,Arrived,733,2017-01-28T10:07:00Z,2017-01-28T11:46:00Z,2.4,41435,1812800.00,130,124,2.0,1.65,164082.59999999998,95
136132,PG0252,2017-02-15T10:05:00Z,2017-02-15T11:45:00Z,AAQ,SVO,Arrived,733,2017-02-15T10:09:00Z,2017-02-15T11:48:00Z,2.4,39553,1714000.00,130,116,4.0,1.65,156629.87999999998,89
136135,PG0252,2017-02-01T10:05:00Z,2017-02-01T11:45:00Z,AAQ,SVO,Arrived,733,2017-02-01T10:08:00Z,2017-02-01T11:48:00Z,2.4,39553,1678600.00,130,115,3.0,1.6666666666666667,158212.0,88
136146,PG0252,2017-02-09T10:05:00Z,2017-02-09T11:45:00Z,AAQ,SVO,Arrived,733,2017-02-09T10:08:00Z,2017-02-09T11:48:00Z,2.4,39553,1604200.00,130,109,3.0,1.6666666666666667,158212.0,83
136159,PG0252,2017-01-04T10:05:00Z,2017-01-04T11:45:00Z,AAQ,SVO,Arrived,733,2017-01-04T10:07:00Z,2017-01-04T11:45:00Z,2.4,41435,1700600.00,130,115,2.0,1.6333333333333333,162425.19999999998,88
136164,PG0252,2017-01-07T10:05:00Z,2017-01-07T11:45:00Z,AAQ,SVO,Arrived,733,2017-01-07T10:07:00Z,2017-01-07T11:46:00Z,2.4,41435,1738400.00,130,120,2.0,1.65,164082.59999999998,92
136165,PG0252,2017-02-22T10:05:00Z,2017-02-22T11:45:00Z,AAQ,SVO,Arrived,733,2017-02-22T10:11:00Z,2017-02-22T11:52:00Z,2.4,39553,1567600.00,130,110,6.0,1.6833333333333333,159794.12,84
136172,PG0252,2017-01-15T10:05:00Z,2017-01-15T11:45:00Z,AAQ,SVO,Arrived,733,2017-01-15T10:05:00Z,2017-01-15T11:44:00Z,2.4,41435,1617600.00,130,110,0.0,1.65,164082.59999999998,84
136178,PG0252,2017-01-29T10:05:00Z,2017-01-29T11:45:00Z,AAQ,SVO,Arrived,733,2017-01-29T10:10:00Z,2017-01-29T11:49:00Z,2.4,41435,1434600.00,130,99,5.0,1.65,164082.59999999998,76
136181,PG0252,2017-01-31T10:05:00Z,2017-01-31T11:45:00Z,AAQ,SVO,Arrived,733,2017-01-31T10:05:00Z,2017-01-31T11:44:00Z,2.4,41435,1689600.00,130,118,0.0,1.65,164082.59999999998,90
136185,PG0252,2017-01-14T10:05:00Z,2017-01-14T11:45:00Z,AAQ,SVO,Arrived,733,2017-01-14T10:06:00Z,2017-01-14T11:49:00Z,2.4,41435,1520000.00,130,104,1.0,1.7166666666666666,170712.19999999995,80
136202,PG0252,2017-01-05T10:05:00Z,2017-01-05T11:45:00Z,AAQ,SVO,Arrived,733,2017-01-05T10:07:00Z,2017-01-05T11:49:00Z,2.4,41435,1495600.00,130,100,2.0,1.7,169054.80000000002,76
136204,PG0252,2017-02-23T10:05:00Z,2017-02-23T11:45:00Z,AAQ,SVO,Arrived,733,2017-02-23T10:06:00Z,2017-02-23T11:46:00Z,2.4,39553,1457800.00,130,107,1.0,1.6666666666666667,158212.0,82
136209,PG0252,2017-01-06T10:05:00Z,2017-01-06T11:45:00Z,AAQ,SVO,Arrived,733,2017-01-06T10:09:00Z,2017-01-06T11:49:00Z,2.4,41435,1615200.00,130,112,4.0,1.6666666666666667,165740.0,86
136215,PG0252,2017-02-28T10:05:00Z,2017-02-28T11:45:00Z,AAQ,SVO,Arrived,733,2017-02-28T10:09:00Z,2017-02-28T11:49:00Z,2.4,39553,1664000.00,130,114,4.0,1.6666666666666667,158212.0,87
136226,PG0252,2017-01-30T10:05:00Z,2017-01-30T11:45:00Z,AAQ,SVO,Arrived,733,2017-01-30T10:08:00Z,2017-01-30T11:48:00Z,2.4,41435,1886000.00,130,130,3.0,1.6666666666666667,165740.0,100
136249,PG0252,2017-02-14T10:05:00Z,2017-02-14T11:45:00Z,AAQ,SVO,Arrived,733,2017-02-14T10:08:00Z,2017-02-14T11:46:00Z,2.4,39553,1800600.00,130,123,3.0,1.6333333333333333,155047.76,94
136250,PG0252,2017-02-08T10:05:00Z,2017-02-08T11:45:00Z,AAQ,SVO,Arrived,733,2017-02-08T10:06:00Z,2017-02-08T11:47:00Z,2.4,39553,1407800.00,130,99,1.0,1.6833333333333333,159794.12,76
136264,PG0252,2017-02-18T10:05:00Z,2017-02-18T11:45:00Z,AAQ,SVO,Arrived,733,2017-02-18T10:07:00Z,2017-02-18T11:47:00Z,2.4,39553,1690800.00,130,116,2.0,1.6666666666666667,158212.0,89
136266,PG0252,2017-02-27T10:05:00Z,2017-02-27T11:45:00Z,AAQ,SVO,Arrived,733,2017-02-27T10:08:00Z,2017-02-27T11:48:00Z,2.4,39553,1566400.00,130,108,3.0,1.6666666666666667,158212.0,83
136268,PG0252,2017-02-16T10:05:00Z,2017-02-16T11:45:00Z,AAQ,SVO,Arrived,733,2017-02-16T10:08:00Z,2017-02-16T11:49:00Z,2.4,39553,1676200.00,130,115,3.0,1.6833333333333333,159794.12,88
136269,PG0252,2017-02-11T10:05:00Z,2017-02-11T11:45:00Z,AAQ,SVO,Arrived,733,2017-02-11T10:13:00Z,2017-02-11T11:53:00Z,2.4,39553,1605400.00,130,109,8.0,1.6666666666666667,158212.0,83
136270,PG0252,2017-02-12T10:05:00Z,2017-02-12T11:45:00Z,AAQ,SVO,Arrived,733,2017-02-12T10:12:00Z,2017-02-12T11:51:00Z,2.4,39553,1628600.00,130,111,7.0,1.65,156629.87999999998,85
136275,PG0252,2017-01-13T10:05:00Z,2017-01-13T11:45:00Z,AAQ,SVO,Arrived,733,2017-01-13T10:08:00Z,2017-01-13T11:46:00Z,2.4,41435,1825000.00,130,125,3.0,1.6333333333333333,162425.19999999998,96
136282,PG0252,2017-01-16T10:05:00Z,2017-01-16T11:45:00Z,AAQ,SVO,Arrived,733,2017-01-16T10:07:00Z,2017-01-16T11:48:00Z,2.4,41435,1518800.00,130,106,2.0,1.6833333333333333,167397.4,81
136284,PG0252,2017-02-07T10:05:00Z,2017-02-07T11:45:00Z,AAQ,SVO,Arrived,733,2017-02-07T10:07:00Z,2017-02-07T11:48:00Z,2.4,39553,1677400.00,130,117,2.0,1.6833333333333333,159794.12,90
136293,PG0252,2017-01-23T10:05:00Z,2017-01-23T11:45:00Z,AAQ,SVO,Arrived,733,2017-01-23T10:09:00Z,2017-01-23T11:48:00Z,2.4,41435,1689600.00,130,114,4.0,1.65,164082.59999999998,87
136310,PG0252,2017-01-22T10:05:00Z,2017-01-22T11:45:00Z,AAQ,SVO,Arrived,733,2017-01-22T10:07:00Z,2017-01-22T11:47:00Z,2.4,41435,1654200.00,130,117,2.0,1.6666666666666667,165740.0,90
136316,PG0252,2017-01-12T10:05:00Z,2017-01-12T11:45:00Z,AAQ,SVO,Arrived,733,2017-01-12T10:07:00Z,2017-01-12T11:47:00Z,2.4,41435,1886000.00,130,130,2.0,1.6666666666666667,165740.0,100
136320,PG0252,2017-02-19T10:05:00Z,2017-02-19T11:45:00Z,AAQ,SVO,Arrived,733,2017-02-19T10:05:00Z,2017-02-19T11:45:00Z,2.4,39553,1544400.00,130,106,0.0,1.6666666666666667,158212.0,81
136322,PG0252,2017-02-06T10:05:00Z,2017-02-06T11:45:00Z,AAQ,SVO,Arrived,733,2017-02-06T10:11:00Z,2017-02-06T11:52:00Z,2.4,39553,1567600.00,130,108,6.0,1.6833333333333333,159794.12,83
136345,PG0252,2017-01-24T10:05:00Z,2017-01-24T11:45:00Z,AAQ,SVO,Arrived,733,2017-01-24T13:32:00Z,2017-01-24T15:12:00Z,2.4,41435,1517600.00,130,108,207.0,1.6666666666666667,165740.0,83
136348,PG0252,2017-02-10T10:05:00Z,2017-02-10T11:45:00Z,AAQ,SVO,Arrived,733,2017-02-10T10:05:00Z,2017-02-10T11:45:00Z,2.4,39553,1762800.00,130,120,0.0,1.6666666666666667,158212.0,92
136351,PG0252,2017-02-26T10:05:00Z,2017-02-26T11:45:00Z,AAQ,SVO,Arrived,733,2017-02-26T10:13:00Z,2017-02-26T11:53:00Z,2.4,39553,1555400.00,130,105,8.0,1.6666666666666667,158212.0,80
136360,PG0252,2017-02-05T10:05:00Z,2017-02-05T11:45:00Z,AAQ,SVO,Arrived,733,2017-02-05T10:08:00Z,2017-02-05T11:48:00Z,2.4,39553,1455400.00,130,97,3.0,1.6666666666666667,158212.0,74
136366,PG0252,2017-01-11T10:05:00Z,2017-01-11T11:45:00Z,AAQ,SVO,Arrived,733,2017-01-11T10:08:00Z,2017-01-11T11:47:00Z,2.4,41435,1527400.00,130,103,3.0,1.65,164082.59999999998,79
136383,PG0252,2017-01-25T10:05:00Z,2017-01-25T11:45:00Z,AAQ,SVO,Arrived,733,2017-01-25T10:09:00Z,2017-01-25T11:51:00Z,2.4,41435,1493200.00,130,106,4.0,1.7,169054.80000000002,81
136387,PG0252,2017-01-19T10:05:00Z,2017-01-19T11:45:00Z,AAQ,SVO,Arrived,733,2017-01-19T10:08:00Z,2017-01-19T11:47:00Z,2.4,41435,1775000.00,130,121,3.0,1.65,164082.59999999998,93
136389,PG0252,2017-01-18T10:05:00Z,2017-01-18T11:45:00Z,AAQ,SVO,Arrived,733,2017-01-18T10:10:00Z,2017-01-18T11:50:00Z,2.4,41435,1873800.00,130,129,5.0,1.6666666666666667,165740.0,99
136403,PG0252,2017-02-20T10:05:00Z,2017-02-20T11:45:00Z,AAQ,SVO,Arrived,733,2017-02-20T10:06:00Z,2017-02-20T11:46:00Z,2.4,39553,1873800.00,130,129,1.0,1.6666666666666667,158212.0,99
136411,PG0252,2017-02-04T10:05:00Z,2017-02-04T11:45:00Z,AAQ,SVO,Arrived,733,2017-02-04T10:06:00Z,2017-02-04T11:46:00Z,2.4,39553,1590800.00,130,110,1.0,1.6666666666666667,158212.0,84
136420,PG0252,2017-01-01T10:05:00Z,2017-01-01T11:45:00Z,AAQ,SVO,Arrived,733,2017-01-01T10:09:00Z,2017-01-01T11:47:00Z,2.4,41435,1542000.00,130,104,4.0,1.6333333333333333,162425.19999999998,80
136423,PG0252,2017-01-10T10:05:00Z,2017-01-10T11:45:00Z,AAQ,SVO,Arrived,733,2017-01-10T10:12:00Z,2017-01-10T11:52:00Z,2.4,41435,1849400.00,130,129,7.0,1.6666666666666667,165740.0,99
136428,PG0252,2017-01-21T10:05:00Z,2017-01-21T11:45:00Z,AAQ,SVO,Arrived,733,2017-01-21T10:08:00Z,2017-01-21T11:47:00Z,2.4,41435,1678600.00,130,115,3.0,1.65,164082.59999999998,88
136436,PG0252,2017-01-26T10:05:00Z,2017-01-26T11:45:00Z,AAQ,SVO,Arrived,733,2017-01-26T10:08:00Z,2017-01-26T11:47:00Z,2.4,41435,1811600.00,130,124,3.0,1.65,164082.59999999998,95
136439,PG0252,2017-02-25T10:05:00Z,2017-02-25T11:45:00Z,AAQ,SVO,Arrived,733,2017-02-25T10:08:00Z,2017-02-25T11:48:00Z,2.4,39553,1701800.00,130,117,3.0,1.6666666666666667,158212.0,90
136441,PG0252,2017-02-03T10:05:00Z,2017-02-03T11:45:00Z,AAQ,SVO,Arrived,733,2017-02-03T10:07:00Z,2017-02-03T11:47:00Z,2.4,39553,1837200.00,130,128,2.0,1.6666666666666667,158212.0,98
136452,PG0252,2017-02-17T10:05:00Z,2017-02-17T11:45:00Z,AAQ,SVO,Arrived,733,2017-02-17T10:08:00Z,2017-02-17T11:48:00Z,2.4,39553,1603000.00,130,109,3.0,1.6666666666666667,158212.0,83
136458,PG0252,2017-01-02T10:05:00Z,2017-01-02T11:45:00Z,AAQ,SVO,Arrived,733,2017-01-02T10:07:00Z,2017-01-02T11:46:00Z,2.4,41435,1568800.00,130,110,2.0,1.65,164082.59999999998,84
136463,PG0252,2017-01-20T10:05:00Z,2017-01-20T11:45:00Z,AAQ,SVO,Arrived,733,2017-01-20T10:06:00Z,2017-01-20T11:45:00Z,2.4,41435,1788400.00,130,122,1.0,1.65,164082.59999999998,93
136464,PG0252,2017-01-09T10:05:00Z,2017-01-09T11:45:00Z,AAQ,SVO,Arrived,733,2017-01-09T10:07:00Z,2017-01-09T11:47:00Z,2.4,41435,1398000.00,130,100,2.0,1.6666666666666667,165740.0,76
136471,PG0252,2017-01-17T10:05:00Z,2017-01-17T11:45:00Z,AAQ,SVO,Arrived,733,2017-01-17T10:11:00Z,2017-01-17T11:51:00Z,2.4,41435,1762800.00,130,120,6.0,1.6666666666666667,165740.0,92
136479,PG0252,2017-02-21T10:05:00Z,2017-02-21T11:45:00Z,AAQ,SVO,Arrived,733,2017-02-21T10:08:00Z,2017-02-21T11:47:00Z,2.4,39553,1738400.00,130,122,3.0,1.65,156629.87999999998,93
136485,PG0252,2017-01-27T10:05:00Z,2017-01-27T11:45:00Z,AAQ,SVO,Arrived,733,2017-01-27T10:07:00Z,2017-01-27T11:47:00Z,2.4,41435,1520000.00,130,106,2.0,1.6666666666666667,165740.0,81
136486,PG0252,2017-02-02T10:05:00Z,2017-02-02T11:45:00Z,AAQ,SVO,Arrived,733,2017-02-02T10:07:00Z,2017-02-02T11:48:00Z,2.4,39553,1505400.00,130,107,2.0,1.6833333333333333,159794.12,82
136511,PG0194,2017-02-21T06:10:00Z,2017-02-21T11:15:00Z,AAQ,NOZ,Arrived,733,2017-02-21T06:15:00Z,2017-02-21T11:25:00Z,2.4,39553,,130,,5.0,5.166666666666667,490457.2,
136513,PG0194,2017-02-28T06:10:00Z,2017-02-28T11:15:00Z,AAQ,NOZ,Arrived,733,2017-02-28T06:13:00Z,2017-02-28T11:23:00Z,2.4,39553,,130,,3.0,5.166666666666667,490457.2,
136514,PG0194,2017-02-07T06:10:00Z,2017-02-07T11:15:00Z,AAQ,NOZ,Arrived,733,2017-02-07T06:14:00Z,2017-02-07T11:13:00Z,2.4,39553,,130,,4.0,4.983333333333333,473053.87999999995,
136523,PG0194,2017-01-10T06:10:00Z,2017-01-10T11:15:00Z,AAQ,NOZ,Arrived,733,2017-01-10T06:14:00Z,2017-01-10T11:26:00Z,2.4,41435,,130,,4.0,5.2,517108.80000000005,
136540,PG0194,2017-01-17T06:10:00Z,2017-01-17T11:15:00Z,AAQ,NOZ,Arrived,733,2017-01-17T06:14:00Z,2017-01-17T11:21:00Z,2.4,41435,,130,,4.0,5.116666666666666,508821.8,
136544,PG0194,2017-01-31T06:10:00Z,2017-01-31T11:15:00Z,AAQ,NOZ,Arrived,733,2017-01-31T06:10:00Z,2017-01-31T11:14:00Z,2.4,41435,,130,,0.0,5.066666666666666,503849.5999999999,
136546,PG0194,2017-01-03T06:10:00Z,2017-01-03T11:15:00Z,AAQ,NOZ,Arrived,733,2017-01-03T06:13:00Z,2017-01-03T11:15:00Z,2.4,41435,,130,,3.0,5.033333333333333,500534.8,
136560,PG0194,2017-01-24T06:10:00Z,2017-01-24T11:15:00Z,AAQ,NOZ,Arrived,733,2017-01-24T06:13:00Z,2017-01-24T11:18:00Z,2.4,41435,,130,,3.0,5.083333333333333,505506.99999999994,
136567,PG0194,2017-02-14T06:10:00Z,2017-02-14T11:15:00Z,AAQ,NOZ,Arrived,733,2017-02-14T06:12:00Z,2017-02-14T11:23:00Z,2.4,39553,,130,,2.0,5.183333333333334,492039.32,
136571,PG0480,2017-01-25T09:25:00Z,2017-01-25T10:15:00Z,AAQ,EGO,Arrived,SU9,2017-01-25T09:28:00Z,2017-01-25T10:18:00Z,1.7,41435,752700.00,97,95,3.0,0.8333333333333334,58699.583333333336,97
136586,PG0480,2017-01-10T09:25:00Z,2017-01-10T10:15:00Z,AAQ,EGO,Arrived,SU9,2017-01-10T09:28:00Z,2017-01-10T10:18:00Z,1.7,41435,759000.00,97,96,3.0,0.8333333333333334,58699.583333333336,98
136600,PG0480,2017-02-08T09:25:00Z,2017-02-08T10:15:00Z,AAQ,EGO,Arrived,SU9,2017-02-08T09:26:00Z,2017-02-08T10:16:00Z,1.7,39553,765300.00,97,97,1.0,0.8333333333333334,56033.41666666667,100
136605,PG0480,2017-02-15T09:25:00Z,2017-02-15T10:15:00Z,AAQ,EGO,Arrived,SU9,2017-02-15T09:28:00Z,2017-02-15T10:19:00Z,1.7,39553,765300.00,97,97,3.0,0.85,57154.08499999999,100
136609,PG0480,2017-01-08T09:25:00Z,2017-01-08T10:15:00Z,AAQ,EGO,Arrived,SU9,2017-01-08T09:28:00Z,2017-01-08T10:18:00Z,1.7,41435,639300.00,97,81,3.0,0.8333333333333334,58699.583333333336,83
136612,PG0480,2017-02-21T09:25:00Z,2017-02-21T10:15:00Z,AAQ,EGO,Arrived,SU9,2017-02-21T09:27:00Z,2017-02-21T10:17:00Z,1.7,39553,746400.00,97,94,2.0,0.8333333333333334,56033.41666666667,96
136620,PG0480,2017-02-17T09:25:00Z,2017-02-17T10:15:00Z,AAQ,EGO,Arrived,SU9,2017-02-17T09:30:00Z,2017-02-17T10:19:00Z,1.7,39553,613500.00,97,79,5.0,0.8166666666666667,54912.74833333333,81
136630,PG0480,2017-02-25T09:25:00Z,2017-02-25T10:15:00Z,AAQ,EGO,Arrived,SU9,2017-02-25T09:32:00Z,2017-02-25T10:22:00Z,1.7,39553,746400.00,97,94,7.0,0.8333333333333334,56033.41666666667,96
136632,PG0480,2017-01-07T09:25:00Z,2017-01-07T10:15:00Z,AAQ,EGO,Arrived,SU9,2017-01-07T12:42:00Z,2017-01-07T13:33:00Z,1.7,41435,714300.00,97,91,197.0,0.85,59873.57499999999,93
136642,PG0480,2017-01-30T09:25:00Z,2017-01-30T10:15:00Z,AAQ,EGO,Arrived,SU9,2017-01-30T09:28:00Z,2017-01-30T10:17:00Z,1.7,41435,531000.00,97,64,3.0,0.8166666666666667,57525.59166666666,65
136645,PG0480,2017-01-05T09:25:00Z,2017-01-05T10:15:00Z,AAQ,EGO,Arrived,SU9,2017-01-05T09:29:00Z,2017-01-05T10:20:00Z,1.7,41435,633000.00,97,82,4.0,0.85,59873.57499999999,84
136649,PG0480,2017-01-18T09:25:00Z,2017-01-18T10:15:00Z,AAQ,EGO,Arrived,SU9,2017-01-18T09:25:00Z,2017-01-18T10:15:00Z,1.7,41435,759000.00,97,96,0.0,0.8333333333333334,58699.583333333336,98
136654,PG0480,2017-01-19T09:25:00Z,2017-01-19T10:15:00Z,AAQ,EGO,Arrived,SU9,2017-01-19T09:28:00Z,2017-01-19T10:17:00Z,1.7,41435,759000.00,97,96,3.0,0.8166666666666667,57525.59166666666,98
136660,PG0480,2017-02-20T09:25:00Z,2017-02-20T10:15:00Z,AAQ,EGO,Arrived,SU9,2017-02-20T09:26:00Z,2017-02-20T10:15:00Z,1.7,39553,677100.00,97,87,1.0,0.8166666666666667,54912.74833333333,89
136661,PG0480,2017-01-01T09:25:00Z,2017-01-01T10:15:00Z,AAQ,EGO,Arrived,SU9,2017-01-01T09:27:00Z,2017-01-01T10:17:00Z,1.7,41435,759000.00,97,96,2.0,0.8333333333333334,58699.583333333336,98
136666,PG0480,2017-02-09T09:25:00Z,2017-02-09T10:15:00Z,AAQ,EGO,Arrived,SU9,2017-02-09T09:26:00Z,2017-02-09T10:16:00Z,1.7,39553,664500.00,97,87,1.0,0.8333333333333334,56033.41666666667,89
136669,PG0480,2017-01-17T09:25:00Z,2017-01-17T10:15:00Z,AAQ,EGO,Arrived,SU9,2017-01-17T09:26:00Z,2017-01-17T10:17:00Z,1.7,41435,752700.00,97,95,1.0,0.85,59873.57499999999,97
136672,PG0480,2017-02-03T09:25:00Z,2017-02-03T10:15:00Z,AAQ,EGO,Arrived,SU9,2017-02-03T09:28:00Z,2017-02-03T10:18:00Z,1.7,39553,759000.00,97,96,3.0,0.8333333333333334,56033.41666666667,98
136678,PG0480,2017-01-28T09:25:00Z,2017-01-28T10:15:00Z,AAQ,EGO,Arrived,SU9,2017-01-28T09:27:00Z,2017-01-28T10:17:00Z,1.7,41435,631200.00,97,80,2.0,0.8333333333333334,58699.583333333336,82
136706,PG0480,2017-01-06T09:25:00Z,2017-01-06T10:15:00Z,AAQ,EGO,Arrived,SU9,2017-01-06T09:30:00Z,2017-01-06T10:20:00Z,1.7,41435,740100.00,97,95,5.0,0.8333333333333334,58699.583333333336,97
136709,PG0480,2017-01-15T09:25:00Z,2017-01-15T10:15:00Z,AAQ,EGO,Arrived,SU9,2017-01-15T09:28:00Z,2017-01-15T10:18:00Z,1.7,41435,689700.00,97,87,3.0,0.8333333333333334,58699.583333333336,89
136720,PG0480,2017-01-26T09:25:00Z,2017-01-26T10:15:00Z,AAQ,EGO,Arrived,SU9,2017-01-26T09:29:00Z,2017-01-26T10:19:00Z,1.7,41435,752700.00,97,95,4.0,0.8333333333333334,58699.583333333336,97
136729,PG0480,2017-01-29T09:25:00Z,2017-01-29T10:15:00Z,AAQ,EGO,Arrived,SU9,2017-01-29T09:29:00Z,2017-01-29T10:19:00Z,1.7,41435,695400.00,97,88,4.0,0.8333333333333334,58699.583333333336,90
136733,PG0480,2017-01-09T09:25:00Z,2017-01-09T10:15:00Z,AAQ,EGO,Arrived,SU9,2017-01-09T09:27:00Z,2017-01-09T10:18:00Z,1.7,41435,746400.00,97,94,2.0,0.85,59873.57499999999,96
136754,PG0480,2017-02-06T09:25:00Z,2017-02-06T10:15:00Z,AAQ,EGO,Arrived,SU9,2017-02-06T09:29:00Z,2017-02-06T10:18:00Z,1.7,39553,721200.00,97,90,4.0,0.8166666666666667,54912.74833333333,92
136755,PG0480,2017-01-21T09:25:00Z,2017-01-21T10:15:00Z,AAQ,EGO,Arrived,SU9,2017-01-21T09:30:00Z,2017-01-21T10:20:00Z,1.7,41435,765300.00,97,97,5.0,0.8333333333333334,58699.583333333336,100
136757,PG0480,2017-01-27T09:25:00Z,2017-01-27T10:15:00Z,AAQ,EGO,Arrived,SU9,2017-01-27T09:30:00Z,2017-01-27T10:19:00Z,1.7,41435,765300.00,97,97,5.0,0.8166666666666667,57525.59166666666,100
136758,PG0480,2017-01-12T09:25:00Z,2017-01-12T10:15:00Z,AAQ,EGO,Arrived,SU9,2017-01-12T09:26:00Z,2017-01-12T10:15:00Z,1.7,41435,765300.00,97,97,1.0,0.8166666666666667,57525.59166666666,100
136767,PG0480,2017-01-23T09:25:00Z,2017-01-23T10:15:00Z,AAQ,EGO,Arrived,SU9,2017-01-23T09:27:00Z,2017-01-23T10:18:00Z,1.7,41435,651300.00,97,83,2.0,0.85,59873.57499999999,85
136769,PG0480,2017-02-10T09:25:00Z,2017-02-10T10:15:00Z,AAQ,EGO,Arrived,SU9,2017-02-10T09:30:00Z,2017-02-10T10:21:00Z,1.7,39553,696000.00,97,88,5.0,0.85,57154.08499999999,90
136778,PG0480,2017-02-22T09:25:00Z,2017-02-22T10:15:00Z,AAQ,EGO,Arrived,SU9,2017-02-22T09:26:00Z,2017-02-22T10:16:00Z,1.7,39553,759000.00,97,96,1.0,0.8333333333333334,56033.41666666667,98
136780,PG0480,2017-02-24T09:25:00Z,2017-02-24T10:15:00Z,AAQ,EGO,Arrived,SU9,2017-02-24T09:30:00Z,2017-02-24T10:20:00Z,1.7,39553,714900.00,97,89,5.0,0.8333333333333334,56033.41666666667,91
136781,PG0480,2017-01-14T09:25:00Z,2017-01-14T10:15:00Z,AAQ,EGO,Arrived,SU9,2017-01-14T09:26:00Z,2017-01-14T10:16:00Z,1.7,41435,765300.00,97,97,1.0,0.8333333333333334,58699.583333333336,100
136802,PG0480,2017-02-26T09:25:00Z,2017-02-26T10:15:00Z,AAQ,EGO,Arrived,SU9,2017-02-26T09:32:00Z,2017-02-26T10:22:00Z,1.7,39553,746400.00,97,96,7.0,0.8333333333333334,56033.41666666667,98
136807,PG0480,2017-02-23T09:25:00Z,2017-02-23T10:15:00Z,AAQ,EGO,Arrived,SU9,2017-02-23T09:28:00Z,2017-02-23T10:18:00Z,1.7,39553,531000.00,97,68,3.0,0.8333333333333334,56033.41666666667,70
136815,PG0480,2017-02-19T09:25:00Z,2017-02-19T10:15:00Z,AAQ,EGO,Arrived,SU9,2017-02-19T09:26:00Z,2017-02-19T10:17:00Z,1.7,39553,765300.00,97,97,1.0,0.85,57154.08499999999,100
136819,PG0480,2017-01-04T09:25:00Z,2017-01-04T10:15:00Z,AAQ,EGO,Arrived,SU9,2017-01-04T09:29:00Z,2017-01-04T10:19:00Z,1.7,41435,759000.00,97,96,4.0,0.8333333333333334,58699.583333333336,98
136823,PG0480,2017-02-05T09:25:00Z,2017-02-05T10:15:00Z,AAQ,EGO,Arrived,SU9,2017-02-05T09:27:00Z,2017-02-05T10:18:00Z,1.7,39553,620400.00,97,78,2.0,0.85,57154.08499999999,80
136827,PG0480,2017-02-18T09:25:00Z,2017-02-18T10:15:00Z,AAQ,EGO,Arrived,SU9,2017-02-18T09:26:00Z,2017-02-18T10:17:00Z,1.7,39553,765300.00,97,97,1.0,0.85,57154.08499999999,100
136838,PG0480,2017-01-24T09:25:00Z,2017-01-24T10:15:00Z,AAQ,EGO,Arrived,SU9,2017-01-24T09:30:00Z,2017-01-24T10:21:00Z,1.7,41435,670200.00,97,86,5.0,0.85,59873.57499999999,88
136841,PG0480,2017-02-07T09:25:00Z,2017-02-07T10:15:00Z,AAQ,EGO,Arrived,SU9,2017-02-07T09:25:00Z,2017-02-07T10:16:00Z,1.7,39553,765300.00,97,97,0.0,0.85,57154.08499999999,100
136844,PG0480,2017-02-28T09:25:00Z,2017-02-28T10:15:00Z,AAQ,EGO,Arrived,SU9,2017-02-28T09:26:00Z,2017-02-28T10:16:00Z,1.7,39553,575100.00,97,79,1.0,0.8333333333333334,56033.41666666667,81
136855,PG0480,2017-01-11T09:25:00Z,2017-01-11T10:15:00Z,AAQ,EGO,Arrived,SU9,2017-01-11T12:07:00Z,2017-01-11T12:57:00Z,1.7,41435,702300.00,97,87,162.0,0.8333333333333334,58699.583333333336,89
136857,PG0480,2017-02-13T09:25:00Z,2017-02-13T10:15:00Z,AAQ,EGO,Arrived,SU9,2017-02-13T09:31:00Z,2017-02-13T10:21:00Z,1.7,39553,765300.00,97,97,6.0,0.8333333333333334,56033.41666666667,100
136861,PG0480,2017-02-12T09:25:00Z,2017-02-12T10:15:00Z,AAQ,EGO,Arrived,SU9,2017-02-12T09:28:00Z,2017-02-12T10:17:00Z,1.7,39553,689100.00,97,87,3.0,0.8166666666666667,54912.74833333333,89
136869,PG0480,2017-01-31T09:25:00Z,2017-01-31T10:15:00Z,AAQ,EGO,Arrived,SU9,2017-01-31T09:26:00Z,2017-01-31T10:16:00Z,1.7,41435,765300.00,97,97,1.0,0.8333333333333334,58699.583333333336,100
136871,PG0480,2017-01-13T09:25:00Z,2017-01-13T10:15:00Z,AAQ,EGO,Arrived,SU9,2017-01-13T09:28:00Z,2017-01-13T10:18:00Z,1.7,41435,765300.00,97,97,3.0,0.8333333333333334,58699.583333333336,100
136875,PG0480,2017-02-16T09:25:00Z,2017-02-16T10:15:00Z,AAQ,EGO,Arrived,SU9,2017-02-16T09:29:00Z,2017-02-16T10:19:00Z,1.7,39553,765300.00,97,97,4.0,0.8333333333333334,56033.41666666667,100
136887,PG0480,2017-01-20T09:25:00Z,2017-01-20T10:15:00Z,AAQ,EGO,Arrived,SU9,2017-01-20T09:30:00Z,2017-01-20T10:19:00Z,1.7,41435,595200.00,97,78,5.0,0.8166666666666667,57525.59166666666,80
136888,PG0480,2017-02-14T09:25:00Z,2017-02-14T10:15:00Z,AAQ,EGO,Arrived,SU9,2017-02-14T09:29:00Z,2017-02-14T10:19:00Z,1.7,39553,626100.00,97,79,4.0,0.8333333333333334,56033.41666666667,81
136900,PG0480,2017-02-01T09:25:00Z,2017-02-01T10:15:00Z,AAQ,EGO,Arrived,SU9,2017-02-01T09:30:00Z,2017-02-01T10:21:00Z,1.7,39553,765300.00,97,97,5.0,0.85,57154.08499999999,100
136907,PG0480,2017-01-16T09:25:00Z,2017-01-16T10:15:00Z,AAQ,EGO,Arrived,SU9,2017-01-16T09:31:00Z,2017-01-16T10:22:00Z,1.7,41435,759000.00,97,96,6.0,0.85,59873.57499999999,98
136922,PG0480,2017-02-11T09:25:00Z,2017-02-11T10:15:00Z,AAQ,EGO,Arrived,SU9,2017-02-11T09:27:00Z,2017-02-11T10:17:00Z,1.7,39553,607800.00,97,76,2.0,0.8333333333333334,56033.41666666667,78
136927,PG0480,2017-01-22T09:25:00Z,2017-01-22T10:15:00Z,AAQ,EGO,Arrived,SU9,2017-01-22T09:28:00Z,2017-01-22T10:19:00Z,1.7,41435,765300.00,97,97,3.0,0.85,59873.57499999999,100
136936,PG0480,2017-01-02T09:25:00Z,2017-01-02T10:15:00Z,AAQ,EGO,Arrived,SU9,2017-01-02T09:28:00Z,2017-01-02T10:18:00Z,1.7,41435,632400.00,97,82,3.0,0.8333333333333334,58699.583333333336,84
136937,PG0480,2017-01-03T09:25:00Z,2017-01-03T10:15:00Z,AAQ,EGO,Arrived,SU9,2017-01-03T09:29:00Z,2017-01-03T10:19:00Z,1.7,41435,626100.00,97,81,4.0,0.8333333333333334,58699.583333333336,83
136951,PG0480,2017-02-02T09:25:00Z,2017-02-02T10:15:00Z,AAQ,EGO,Arrived,SU9,2017-02-02T09:28:00Z,2017-02-02T10:17:00Z,1.7,39553,720600.00,97,90,3.0,0.8166666666666667,54912.74833333333,92
136953,PG0480,2017-02-27T09:25:00Z,2017-02-27T10:15:00Z,AAQ,EGO,Arrived,SU9,2017-02-27T09:27:00Z,2017-02-27T10:17:00Z,1.7,39553,765300.00,97,97,2.0,0.8333333333333334,56033.41666666667,100
136956,PG0480,2017-02-04T09:25:00Z,2017-02-04T10:15:00Z,AAQ,EGO,Arrived,SU9,2017-02-04T09:33:00Z,2017-02-04T10:23:00Z,1.7,39553,746400.00,97,96,8.0,0.8333333333333334,56033.41666666667,98
